strategy_id,family,variant,category,base_description,test_objective,universe_or_assets,rule_or_parameter,cadence,account_context,default_benchmarks,complexity_1_6,catalog_status,source_name,source_url,source_support,safety_note,include_in_load_test
WM-0001,Broad index allocation,US total market,Core allocation,Low-cost diversified index portfolio,Market participation with broad diversification,VTI,100/0,annual,taxable|traditional|roth,60/40|global equity|US total market,1,SYNTHETIC_TEST_FLAVOR,Vanguard - Index investing,https://advisors.vanguard.com/strategies/index-investing,Low-cost diversified index funds and ETFs as portfolio foundations.,Requires compiler confirmation; not a recommendation,Yes
WM-0002,Broad index allocation,Global equity,Core allocation,Low-cost diversified index portfolio,Market participation with broad diversification,VT,100/0,annual,taxable|traditional|roth,60/40|global equity|US total market,1,SYNTHETIC_TEST_FLAVOR,Vanguard - Index investing,https://advisors.vanguard.com/strategies/index-investing,Low-cost diversified index funds and ETFs as portfolio foundations.,Requires compiler confirmation; not a recommendation,Yes
WM-0003,Broad index allocation,60/40 US,Core allocation,Low-cost diversified index portfolio,Market participation with broad diversification,VTI+BND,60/40,annual,taxable|traditional|roth,60/40|global equity|US total market,1,SYNTHETIC_TEST_FLAVOR,Vanguard - Index investing,https://advisors.vanguard.com/strategies/index-investing,Low-cost diversified index funds and ETFs as portfolio foundations.,Requires compiler confirmation; not a recommendation,Yes
WM-0004,Broad index allocation,80/20 US,Core allocation,Low-cost diversified index portfolio,Market participation with broad diversification,VTI+BND,80/20,annual,taxable|traditional|roth,60/40|global equity|US total market,1,SYNTHETIC_TEST_FLAVOR,Vanguard - Index investing,https://advisors.vanguard.com/strategies/index-investing,Low-cost diversified index funds and ETFs as portfolio foundations.,Requires compiler confirmation; not a recommendation,Yes
WM-0005,Broad index allocation,40/60 conservative,Core allocation,Low-cost diversified index portfolio,Market participation with broad diversification,VTI+BND,40/60,annual,taxable|traditional|roth,60/40|global equity|US total market,1,SYNTHETIC_TEST_FLAVOR,Vanguard - Index investing,https://advisors.vanguard.com/strategies/index-investing,Low-cost diversified index funds and ETFs as portfolio foundations.,Requires compiler confirmation; not a recommendation,Yes
WM-0006,Broad index allocation,Three-fund,Core allocation,Low-cost diversified index portfolio,Market participation with broad diversification,VTI+VXUS+BND,55/35/10,annual,taxable|traditional|roth,60/40|global equity|US total market,1,SYNTHETIC_TEST_FLAVOR,Vanguard - Index investing,https://advisors.vanguard.com/strategies/index-investing,Low-cost diversified index funds and ETFs as portfolio foundations.,Requires compiler confirmation; not a recommendation,Yes
WM-0007,Broad index allocation,Global 70/30,Core allocation,Low-cost diversified index portfolio,Market participation with broad diversification,VT+BNDW,70/30,annual,taxable|traditional|roth,60/40|global equity|US total market,1,SYNTHETIC_TEST_FLAVOR,Vanguard - Index investing,https://advisors.vanguard.com/strategies/index-investing,Low-cost diversified index funds and ETFs as portfolio foundations.,Requires compiler confirmation; not a recommendation,Yes
WM-0008,Broad index allocation,Equal regional equity,Core allocation,Low-cost diversified index portfolio,Market participation with broad diversification,US+Developed+EM,34/33/33,annual,taxable|traditional|roth,60/40|global equity|US total market,1,SYNTHETIC_TEST_FLAVOR,Vanguard - Index investing,https://advisors.vanguard.com/strategies/index-investing,Low-cost diversified index funds and ETFs as portfolio foundations.,Requires compiler confirmation; not a recommendation,Yes
WM-0009,Dollar-cost averaging,Weekly,Contribution timing,Fixed contribution at regular intervals,Invest recurring savings consistently,SPY,$250 weekly,weekly,taxable|401k|ira|roth,lump sum|monthly DCA|cash,1,SYNTHETIC_TEST_FLAVOR,SEC Investor.gov - Dollar-cost averaging,https://www.investor.gov/introduction-investing/investing-basics/glossary/dollar-cost-averaging,Regular equal-amount investing over time.,Requires compiler confirmation; not a recommendation,Yes
WM-0010,Dollar-cost averaging,Biweekly payroll,Contribution timing,Fixed contribution at regular intervals,Invest recurring savings consistently,VTI,$500 biweekly,biweekly,taxable|401k|ira|roth,lump sum|monthly DCA|cash,1,SYNTHETIC_TEST_FLAVOR,SEC Investor.gov - Dollar-cost averaging,https://www.investor.gov/introduction-investing/investing-basics/glossary/dollar-cost-averaging,Regular equal-amount investing over time.,Requires compiler confirmation; not a recommendation,Yes
WM-0011,Dollar-cost averaging,Month start,Contribution timing,Fixed contribution at regular intervals,Invest recurring savings consistently,VT,$2000 first session,monthly,taxable|401k|ira|roth,lump sum|monthly DCA|cash,1,SYNTHETIC_TEST_FLAVOR,SEC Investor.gov - Dollar-cost averaging,https://www.investor.gov/introduction-investing/investing-basics/glossary/dollar-cost-averaging,Regular equal-amount investing over time.,Requires compiler confirmation; not a recommendation,Yes
WM-0012,Dollar-cost averaging,Month end,Contribution timing,Fixed contribution at regular intervals,Invest recurring savings consistently,VT,$2000 last session,monthly,taxable|401k|ira|roth,lump sum|monthly DCA|cash,1,SYNTHETIC_TEST_FLAVOR,SEC Investor.gov - Dollar-cost averaging,https://www.investor.gov/introduction-investing/investing-basics/glossary/dollar-cost-averaging,Regular equal-amount investing over time.,Requires compiler confirmation; not a recommendation,Yes
WM-0013,Dollar-cost averaging,Quarterly bonus,Contribution timing,Fixed contribution at regular intervals,Invest recurring savings consistently,60/40,$6000 quarter end,quarterly,taxable|401k|ira|roth,lump sum|monthly DCA|cash,1,SYNTHETIC_TEST_FLAVOR,SEC Investor.gov - Dollar-cost averaging,https://www.investor.gov/introduction-investing/investing-basics/glossary/dollar-cost-averaging,Regular equal-amount investing over time.,Requires compiler confirmation; not a recommendation,Yes
WM-0014,Dollar-cost averaging,Annual year-end,Contribution timing,Fixed contribution at regular intervals,Invest recurring savings consistently,60/40,$24000 Dec,annual,taxable|401k|ira|roth,lump sum|monthly DCA|cash,1,SYNTHETIC_TEST_FLAVOR,SEC Investor.gov - Dollar-cost averaging,https://www.investor.gov/introduction-investing/investing-basics/glossary/dollar-cost-averaging,Regular equal-amount investing over time.,Requires compiler confirmation; not a recommendation,Yes
WM-0015,Dollar-cost averaging,Market-down-day contribution,Contribution timing,Fixed contribution at regular intervals,Invest recurring savings consistently,VTI,$2000 on first negative month,conditional,taxable|401k|ira|roth,lump sum|monthly DCA|cash,1,SYNTHETIC_TEST_FLAVOR,SEC Investor.gov - Dollar-cost averaging,https://www.investor.gov/introduction-investing/investing-basics/glossary/dollar-cost-averaging,Regular equal-amount investing over time.,Requires compiler confirmation; not a recommendation,Yes
WM-0016,Dollar-cost averaging,Contribution plus match,Contribution timing,Fixed contribution at regular intervals,Invest recurring savings consistently,TDF,6% salary + 3% match,payroll,taxable|401k|ira|roth,lump sum|monthly DCA|cash,1,SYNTHETIC_TEST_FLAVOR,SEC Investor.gov - Dollar-cost averaging,https://www.investor.gov/introduction-investing/investing-basics/glossary/dollar-cost-averaging,Regular equal-amount investing over time.,Requires compiler confirmation; not a recommendation,Yes
WM-0017,Rebalancing,Annual,Portfolio maintenance,Restore target weights by time or drift,Maintain declared risk exposure,60/40,calendar Jan,annual,taxable|traditional|roth,buy and hold|annual rebalance,2,SYNTHETIC_TEST_FLAVOR,Vanguard - Index investing,https://advisors.vanguard.com/strategies/index-investing,Low-cost diversified index funds and ETFs as portfolio foundations.,Requires compiler confirmation; not a recommendation,Yes
WM-0018,Rebalancing,Quarterly,Portfolio maintenance,Restore target weights by time or drift,Maintain declared risk exposure,60/40,quarter end,quarterly,taxable|traditional|roth,buy and hold|annual rebalance,2,SYNTHETIC_TEST_FLAVOR,Vanguard - Index investing,https://advisors.vanguard.com/strategies/index-investing,Low-cost diversified index funds and ETFs as portfolio foundations.,Requires compiler confirmation; not a recommendation,Yes
WM-0019,Rebalancing,Monthly,Portfolio maintenance,Restore target weights by time or drift,Maintain declared risk exposure,risk parity,month end,monthly,taxable|traditional|roth,buy and hold|annual rebalance,2,SYNTHETIC_TEST_FLAVOR,Vanguard - Index investing,https://advisors.vanguard.com/strategies/index-investing,Low-cost diversified index funds and ETFs as portfolio foundations.,Requires compiler confirmation; not a recommendation,Yes
WM-0020,Rebalancing,5% absolute band,Portfolio maintenance,Restore target weights by time or drift,Maintain declared risk exposure,60/40,drift >5pp,threshold,taxable|traditional|roth,buy and hold|annual rebalance,2,SYNTHETIC_TEST_FLAVOR,Vanguard - Index investing,https://advisors.vanguard.com/strategies/index-investing,Low-cost diversified index funds and ETFs as portfolio foundations.,Requires compiler confirmation; not a recommendation,Yes
WM-0021,Rebalancing,20% relative band,Portfolio maintenance,Restore target weights by time or drift,Maintain declared risk exposure,80/20,relative drift >20%,threshold,taxable|traditional|roth,buy and hold|annual rebalance,2,SYNTHETIC_TEST_FLAVOR,Vanguard - Index investing,https://advisors.vanguard.com/strategies/index-investing,Low-cost diversified index funds and ETFs as portfolio foundations.,Requires compiler confirmation; not a recommendation,Yes
WM-0022,Rebalancing,Cash-flow rebalance,Portfolio maintenance,Restore target weights by time or drift,Maintain declared risk exposure,three-fund,new money only,event,taxable|traditional|roth,buy and hold|annual rebalance,2,SYNTHETIC_TEST_FLAVOR,Vanguard - Index investing,https://advisors.vanguard.com/strategies/index-investing,Low-cost diversified index funds and ETFs as portfolio foundations.,Requires compiler confirmation; not a recommendation,Yes
WM-0023,Rebalancing,Tax-aware rebalance,Portfolio maintenance,Restore target weights by time or drift,Maintain declared risk exposure,three-fund,prefer sheltered accounts,threshold,taxable|traditional|roth,buy and hold|annual rebalance,2,SYNTHETIC_TEST_FLAVOR,Vanguard - Index investing,https://advisors.vanguard.com/strategies/index-investing,Low-cost diversified index funds and ETFs as portfolio foundations.,Requires compiler confirmation; not a recommendation,Yes
WM-0024,Rebalancing,No-sell rebalance,Portfolio maintenance,Restore target weights by time or drift,Maintain declared risk exposure,equity basket,new contributions only,event,taxable|traditional|roth,buy and hold|annual rebalance,2,SYNTHETIC_TEST_FLAVOR,Vanguard - Index investing,https://advisors.vanguard.com/strategies/index-investing,Low-cost diversified index funds and ETFs as portfolio foundations.,Requires compiler confirmation; not a recommendation,Yes
WM-0025,Factor tilts,Value tilt,Systematic equity,Rules-based factor exposure layered on index beta,Test systematic return and risk tilts,US value ETF,30% satellite,quarterly,taxable|traditional|roth,market cap index|equal weight,3,SYNTHETIC_TEST_FLAVOR,Vanguard - Index investing,https://advisors.vanguard.com/strategies/index-investing,Low-cost diversified index funds and ETFs as portfolio foundations.,Requires compiler confirmation; not a recommendation,Yes
WM-0026,Factor tilts,Small value,Systematic equity,Rules-based factor exposure layered on index beta,Test systematic return and risk tilts,US small value,20% satellite,quarterly,taxable|traditional|roth,market cap index|equal weight,3,SYNTHETIC_TEST_FLAVOR,Vanguard - Index investing,https://advisors.vanguard.com/strategies/index-investing,Low-cost diversified index funds and ETFs as portfolio foundations.,Requires compiler confirmation; not a recommendation,Yes
WM-0027,Factor tilts,Quality,Systematic equity,Rules-based factor exposure layered on index beta,Test systematic return and risk tilts,quality ETF,30% satellite,quarterly,taxable|traditional|roth,market cap index|equal weight,3,SYNTHETIC_TEST_FLAVOR,Vanguard - Index investing,https://advisors.vanguard.com/strategies/index-investing,Low-cost diversified index funds and ETFs as portfolio foundations.,Requires compiler confirmation; not a recommendation,Yes
WM-0028,Factor tilts,Momentum,Systematic equity,Rules-based factor exposure layered on index beta,Test systematic return and risk tilts,momentum ETF,30% satellite,monthly,taxable|traditional|roth,market cap index|equal weight,3,SYNTHETIC_TEST_FLAVOR,Vanguard - Index investing,https://advisors.vanguard.com/strategies/index-investing,Low-cost diversified index funds and ETFs as portfolio foundations.,Requires compiler confirmation; not a recommendation,Yes
WM-0029,Factor tilts,Low volatility,Systematic equity,Rules-based factor exposure layered on index beta,Test systematic return and risk tilts,min-vol ETF,40% satellite,quarterly,taxable|traditional|roth,market cap index|equal weight,3,SYNTHETIC_TEST_FLAVOR,Vanguard - Index investing,https://advisors.vanguard.com/strategies/index-investing,Low-cost diversified index funds and ETFs as portfolio foundations.,Requires compiler confirmation; not a recommendation,Yes
WM-0030,Factor tilts,Dividend growth,Systematic equity,Rules-based factor exposure layered on index beta,Test systematic return and risk tilts,dividend growth ETF,40% satellite,quarterly,taxable|traditional|roth,market cap index|equal weight,3,SYNTHETIC_TEST_FLAVOR,Vanguard - Index investing,https://advisors.vanguard.com/strategies/index-investing,Low-cost diversified index funds and ETFs as portfolio foundations.,Requires compiler confirmation; not a recommendation,Yes
WM-0031,Factor tilts,Multi-factor,Systematic equity,Rules-based factor exposure layered on index beta,Test systematic return and risk tilts,value+quality+momentum,equal factor sleeves,quarterly,taxable|traditional|roth,market cap index|equal weight,3,SYNTHETIC_TEST_FLAVOR,Vanguard - Index investing,https://advisors.vanguard.com/strategies/index-investing,Low-cost diversified index funds and ETFs as portfolio foundations.,Requires compiler confirmation; not a recommendation,Yes
WM-0032,Factor tilts,Equal weight,Systematic equity,Rules-based factor exposure layered on index beta,Test systematic return and risk tilts,S&P 500 equal weight,100%,quarterly,taxable|traditional|roth,market cap index|equal weight,3,SYNTHETIC_TEST_FLAVOR,Vanguard - Index investing,https://advisors.vanguard.com/strategies/index-investing,Low-cost diversified index funds and ETFs as portfolio foundations.,Requires compiler confirmation; not a recommendation,Yes
WM-0033,Risk-based allocation,Inverse volatility,Portfolio construction,Allocate by estimated risk rather than capital,Compare risk allocation methods,stocks+bonds+gold,63d vol,monthly,taxable|traditional|roth,60/40|equal weight,4,SYNTHETIC_TEST_FLAVOR,Vanguard - Index investing,https://advisors.vanguard.com/strategies/index-investing,Low-cost diversified index funds and ETFs as portfolio foundations.,Requires compiler confirmation; not a recommendation,Yes
WM-0034,Risk-based allocation,Risk parity,Portfolio construction,Allocate by estimated risk rather than capital,Compare risk allocation methods,stocks+bonds+gold+commodities,126d cov,monthly,taxable|traditional|roth,60/40|equal weight,4,SYNTHETIC_TEST_FLAVOR,Vanguard - Index investing,https://advisors.vanguard.com/strategies/index-investing,Low-cost diversified index funds and ETFs as portfolio foundations.,Requires compiler confirmation; not a recommendation,Yes
WM-0035,Risk-based allocation,Hierarchical risk parity,Portfolio construction,Allocate by estimated risk rather than capital,Compare risk allocation methods,multi-asset ETF set,252d cov,monthly,taxable|traditional|roth,60/40|equal weight,4,SYNTHETIC_TEST_FLAVOR,Vanguard - Index investing,https://advisors.vanguard.com/strategies/index-investing,Low-cost diversified index funds and ETFs as portfolio foundations.,Requires compiler confirmation; not a recommendation,Yes
WM-0036,Risk-based allocation,Minimum variance,Portfolio construction,Allocate by estimated risk rather than capital,Compare risk allocation methods,multi-asset ETF set,252d sample cov,monthly,taxable|traditional|roth,60/40|equal weight,4,SYNTHETIC_TEST_FLAVOR,Vanguard - Index investing,https://advisors.vanguard.com/strategies/index-investing,Low-cost diversified index funds and ETFs as portfolio foundations.,Requires compiler confirmation; not a recommendation,Yes
WM-0037,Risk-based allocation,EWMA minimum variance,Portfolio construction,Allocate by estimated risk rather than capital,Compare risk allocation methods,multi-asset ETF set,halflife 63,monthly,taxable|traditional|roth,60/40|equal weight,4,SYNTHETIC_TEST_FLAVOR,Vanguard - Index investing,https://advisors.vanguard.com/strategies/index-investing,Low-cost diversified index funds and ETFs as portfolio foundations.,Requires compiler confirmation; not a recommendation,Yes
WM-0038,Risk-based allocation,Max diversification,Portfolio construction,Allocate by estimated risk rather than capital,Compare risk allocation methods,multi-asset ETF set,252d,monthly,taxable|traditional|roth,60/40|equal weight,4,SYNTHETIC_TEST_FLAVOR,Vanguard - Index investing,https://advisors.vanguard.com/strategies/index-investing,Low-cost diversified index funds and ETFs as portfolio foundations.,Requires compiler confirmation; not a recommendation,Yes
WM-0039,Risk-based allocation,Volatility target 10%,Portfolio construction,Allocate by estimated risk rather than capital,Compare risk allocation methods,60/40 + cash,target 10%,weekly,taxable|traditional|roth,60/40|equal weight,4,SYNTHETIC_TEST_FLAVOR,Vanguard - Index investing,https://advisors.vanguard.com/strategies/index-investing,Low-cost diversified index funds and ETFs as portfolio foundations.,Requires compiler confirmation; not a recommendation,Yes
WM-0040,Risk-based allocation,Drawdown-aware risk budget,Portfolio construction,Allocate by estimated risk rather than capital,Compare risk allocation methods,multi-asset,reduce after 10% DD,weekly,taxable|traditional|roth,60/40|equal weight,4,SYNTHETIC_TEST_FLAVOR,Vanguard - Index investing,https://advisors.vanguard.com/strategies/index-investing,Low-cost diversified index funds and ETFs as portfolio foundations.,Requires compiler confirmation; not a recommendation,Yes
WM-0041,Trend and moving-average,SPY below 200DMA basket buy,Tactical allocation,Condition exposure on trend or moving-average state,Test timing rules against passive baselines,AMZN+META+GOOGL+ORCL+AAPL+NVDA,buy when SPY<200SMA,daily,taxable|traditional|roth,buy and hold|DCA,3,SYNTHETIC_TEST_FLAVOR,SEC Investor.gov - Diversification,https://www.investor.gov/introduction-investing/investing-basics/glossary/diversification,Spreading investments across holdings to reduce concentration.,Requires compiler confirmation; not a recommendation,Yes
WM-0042,Trend and moving-average,Cross below 200DMA only,Tactical allocation,Condition exposure on trend or moving-average state,Test timing rules against passive baselines,same basket,cross event,daily,taxable|traditional|roth,buy and hold|DCA,3,SYNTHETIC_TEST_FLAVOR,SEC Investor.gov - Diversification,https://www.investor.gov/introduction-investing/investing-basics/glossary/diversification,Spreading investments across holdings to reduce concentration.,Requires compiler confirmation; not a recommendation,Yes
WM-0043,Trend and moving-average,10-month SMA switch,Tactical allocation,Condition exposure on trend or moving-average state,Test timing rules against passive baselines,SPY/T-Bills,month end,monthly,taxable|traditional|roth,buy and hold|DCA,3,SYNTHETIC_TEST_FLAVOR,SEC Investor.gov - Diversification,https://www.investor.gov/introduction-investing/investing-basics/glossary/diversification,Spreading investments across holdings to reduce concentration.,Requires compiler confirmation; not a recommendation,Yes
WM-0044,Trend and moving-average,Dual momentum,Tactical allocation,Condition exposure on trend or moving-average state,Test timing rules against passive baselines,US vs ex-US vs bonds,12m lookback,monthly,taxable|traditional|roth,buy and hold|DCA,3,SYNTHETIC_TEST_FLAVOR,SEC Investor.gov - Diversification,https://www.investor.gov/introduction-investing/investing-basics/glossary/diversification,Spreading investments across holdings to reduce concentration.,Requires compiler confirmation; not a recommendation,Yes
WM-0045,Trend and moving-average,50/200 crossover,Tactical allocation,Condition exposure on trend or moving-average state,Test timing rules against passive baselines,SPY/cash,golden/death cross,daily,taxable|traditional|roth,buy and hold|DCA,3,SYNTHETIC_TEST_FLAVOR,SEC Investor.gov - Diversification,https://www.investor.gov/introduction-investing/investing-basics/glossary/diversification,Spreading investments across holdings to reduce concentration.,Requires compiler confirmation; not a recommendation,Yes
WM-0046,Trend and moving-average,Trend-filtered DCA,Tactical allocation,Condition exposure on trend or moving-average state,Test timing rules against passive baselines,VTI,DCA only above 200DMA,monthly,taxable|traditional|roth,buy and hold|DCA,3,SYNTHETIC_TEST_FLAVOR,SEC Investor.gov - Diversification,https://www.investor.gov/introduction-investing/investing-basics/glossary/diversification,Spreading investments across holdings to reduce concentration.,Requires compiler confirmation; not a recommendation,Yes
WM-0047,Trend and moving-average,Crash accelerator,Tactical allocation,Condition exposure on trend or moving-average state,Test timing rules against passive baselines,VTI,double contribution after -20%,monthly,taxable|traditional|roth,buy and hold|DCA,3,SYNTHETIC_TEST_FLAVOR,SEC Investor.gov - Diversification,https://www.investor.gov/introduction-investing/investing-basics/glossary/diversification,Spreading investments across holdings to reduce concentration.,Requires compiler confirmation; not a recommendation,Yes
WM-0048,Trend and moving-average,Volatility trend,Tactical allocation,Condition exposure on trend or moving-average state,Test timing rules against passive baselines,SPY/cash,trend + vol filter,weekly,taxable|traditional|roth,buy and hold|DCA,3,SYNTHETIC_TEST_FLAVOR,SEC Investor.gov - Diversification,https://www.investor.gov/introduction-investing/investing-basics/glossary/diversification,Spreading investments across holdings to reduce concentration.,Requires compiler confirmation; not a recommendation,Yes
WM-0049,Tax-loss harvesting,Monthly ETF pair,Tax management,Realize losses while maintaining similar exposure,Measure after-tax benefit and tracking error,VTI↔SCHB,loss >5%,monthly,taxable,same portfolio without TLH,5,SYNTHETIC_TEST_FLAVOR,Fidelity - Tax-loss harvesting,https://www.fidelity.com/viewpoints/personal-finance/tax-loss-harvesting,Realizing losses and replacing positions while maintaining exposure.,Requires compiler confirmation; not a recommendation,Yes
WM-0050,Tax-loss harvesting,Daily direct-index scan,Tax management,Realize losses while maintaining similar exposure,Measure after-tax benefit and tracking error,S&P 500 basket,loss >3%,daily,taxable,same portfolio without TLH,5,SYNTHETIC_TEST_FLAVOR,Fidelity - Tax-loss harvesting,https://www.fidelity.com/viewpoints/personal-finance/tax-loss-harvesting,Realizing losses and replacing positions while maintaining exposure.,Requires compiler confirmation; not a recommendation,Yes
WM-0051,Tax-loss harvesting,Quarterly harvest,Tax management,Realize losses while maintaining similar exposure,Measure after-tax benefit and tracking error,three-fund,net losses,quarterly,taxable,same portfolio without TLH,5,SYNTHETIC_TEST_FLAVOR,Fidelity - Tax-loss harvesting,https://www.fidelity.com/viewpoints/personal-finance/tax-loss-harvesting,Realizing losses and replacing positions while maintaining exposure.,Requires compiler confirmation; not a recommendation,Yes
WM-0052,Tax-loss harvesting,Year-end harvest,Tax management,Realize losses while maintaining similar exposure,Measure after-tax benefit and tracking error,taxable portfolio,Nov-Dec,annual,taxable,same portfolio without TLH,5,SYNTHETIC_TEST_FLAVOR,Fidelity - Tax-loss harvesting,https://www.fidelity.com/viewpoints/personal-finance/tax-loss-harvesting,Realizing losses and replacing positions while maintaining exposure.,Requires compiler confirmation; not a recommendation,Yes
WM-0053,Tax-loss harvesting,Gain budget + losses,Tax management,Realize losses while maintaining similar exposure,Measure after-tax benefit and tracking error,direct index,gain budget 1%,monthly,taxable,same portfolio without TLH,5,SYNTHETIC_TEST_FLAVOR,Fidelity - Tax-loss harvesting,https://www.fidelity.com/viewpoints/personal-finance/tax-loss-harvesting,Realizing losses and replacing positions while maintaining exposure.,Requires compiler confirmation; not a recommendation,Yes
WM-0054,Tax-loss harvesting,Short-term loss priority,Tax management,Realize losses while maintaining similar exposure,Measure after-tax benefit and tracking error,direct index,ST losses first,daily,taxable,same portfolio without TLH,5,SYNTHETIC_TEST_FLAVOR,Fidelity - Tax-loss harvesting,https://www.fidelity.com/viewpoints/personal-finance/tax-loss-harvesting,Realizing losses and replacing positions while maintaining exposure.,Requires compiler confirmation; not a recommendation,Yes
WM-0055,Tax-loss harvesting,Tracking-error constrained,Tax management,Realize losses while maintaining similar exposure,Measure after-tax benefit and tracking error,direct index,TE <=2%,daily,taxable,same portfolio without TLH,5,SYNTHETIC_TEST_FLAVOR,Fidelity - Tax-loss harvesting,https://www.fidelity.com/viewpoints/personal-finance/tax-loss-harvesting,Realizing losses and replacing positions while maintaining exposure.,Requires compiler confirmation; not a recommendation,Yes
WM-0056,Tax-loss harvesting,Charitable gain offset,Tax management,Realize losses while maintaining similar exposure,Measure after-tax benefit and tracking error,concentrated stock,donate gains + harvest losses,annual,taxable,same portfolio without TLH,5,SYNTHETIC_TEST_FLAVOR,Fidelity - Tax-loss harvesting,https://www.fidelity.com/viewpoints/personal-finance/tax-loss-harvesting,Realizing losses and replacing positions while maintaining exposure.,Requires compiler confirmation; not a recommendation,Yes
WM-0057,Direct indexing,S&P 500 representative,Customized indexing,Own constituent stocks to customize and harvest losses,Track index with exclusions and tax controls,100-stock sample,TE <=1%,daily,taxable,index ETF|custom index,5,SYNTHETIC_TEST_FLAVOR,Schwab - Direct indexing,https://www.schwab.com/learn/story/how-to-use-direct-indexing-as-tax-strategy,Index-like exposure with stock-level tax-loss harvesting and customization.,Requires compiler confirmation; not a recommendation,Yes
WM-0058,Direct indexing,Russell 1000 representative,Customized indexing,Own constituent stocks to customize and harvest losses,Track index with exclusions and tax controls,200-stock sample,TE <=1.5%,daily,taxable,index ETF|custom index,5,SYNTHETIC_TEST_FLAVOR,Schwab - Direct indexing,https://www.schwab.com/learn/story/how-to-use-direct-indexing-as-tax-strategy,Index-like exposure with stock-level tax-loss harvesting and customization.,Requires compiler confirmation; not a recommendation,Yes
WM-0059,Direct indexing,Exclude employer,Customized indexing,Own constituent stocks to customize and harvest losses,Track index with exclusions and tax controls,S&P 500 ex employer,sector constraints,monthly,taxable,index ETF|custom index,5,SYNTHETIC_TEST_FLAVOR,Schwab - Direct indexing,https://www.schwab.com/learn/story/how-to-use-direct-indexing-as-tax-strategy,Index-like exposure with stock-level tax-loss harvesting and customization.,Requires compiler confirmation; not a recommendation,Yes
WM-0060,Direct indexing,ESG exclusions,Customized indexing,Own constituent stocks to customize and harvest losses,Track index with exclusions and tax controls,broad US ex screened names,TE <=2%,monthly,taxable,index ETF|custom index,5,SYNTHETIC_TEST_FLAVOR,Schwab - Direct indexing,https://www.schwab.com/learn/story/how-to-use-direct-indexing-as-tax-strategy,Index-like exposure with stock-level tax-loss harvesting and customization.,Requires compiler confirmation; not a recommendation,Yes
WM-0061,Direct indexing,Gain-budget transition,Customized indexing,Own constituent stocks to customize and harvest losses,Track index with exclusions and tax controls,legacy portfolio→index,annual gain budget,monthly,taxable,index ETF|custom index,5,SYNTHETIC_TEST_FLAVOR,Schwab - Direct indexing,https://www.schwab.com/learn/story/how-to-use-direct-indexing-as-tax-strategy,Index-like exposure with stock-level tax-loss harvesting and customization.,Requires compiler confirmation; not a recommendation,Yes
WM-0062,Direct indexing,Concentrated-stock completion,Customized indexing,Own constituent stocks to customize and harvest losses,Track index with exclusions and tax controls,index ex existing stock,complete exposure,monthly,taxable,index ETF|custom index,5,SYNTHETIC_TEST_FLAVOR,Schwab - Direct indexing,https://www.schwab.com/learn/story/how-to-use-direct-indexing-as-tax-strategy,Index-like exposure with stock-level tax-loss harvesting and customization.,Requires compiler confirmation; not a recommendation,Yes
WM-0063,Direct indexing,Tax-loss optimized,Customized indexing,Own constituent stocks to customize and harvest losses,Track index with exclusions and tax controls,broad US,daily harvesting,daily,taxable,index ETF|custom index,5,SYNTHETIC_TEST_FLAVOR,Schwab - Direct indexing,https://www.schwab.com/learn/story/how-to-use-direct-indexing-as-tax-strategy,Index-like exposure with stock-level tax-loss harvesting and customization.,Requires compiler confirmation; not a recommendation,Yes
WM-0064,Direct indexing,Charitable-lot aware,Customized indexing,Own constituent stocks to customize and harvest losses,Track index with exclusions and tax controls,broad US,reserve appreciated lots,monthly,taxable,index ETF|custom index,5,SYNTHETIC_TEST_FLAVOR,Schwab - Direct indexing,https://www.schwab.com/learn/story/how-to-use-direct-indexing-as-tax-strategy,Index-like exposure with stock-level tax-loss harvesting and customization.,Requires compiler confirmation; not a recommendation,Yes
WM-0065,Asset location,Bonds traditional,Tax management,Place assets across account types for after-tax efficiency,Compare after-tax outcomes across account placement,stocks taxable/Roth; bonds traditional,balanced,annual,taxable+traditional+roth,same allocation random location|pro-rata location,5,SYNTHETIC_TEST_FLAVOR,Vanguard - Asset location,https://corporate.vanguard.com/content/corporatesite/us/en/corp/articles/how-asset-location-can-boost-after-tax-returns.html,"Placement of assets across taxable, tax-deferred, and Roth accounts.",Requires compiler confirmation; not a recommendation,Yes
WM-0066,Asset location,High-growth Roth,Tax management,Place assets across account types for after-tax efficiency,Compare after-tax outcomes across account placement,small/value/Roth,growth priority,annual,taxable+traditional+roth,same allocation random location|pro-rata location,5,SYNTHETIC_TEST_FLAVOR,Vanguard - Asset location,https://corporate.vanguard.com/content/corporatesite/us/en/corp/articles/how-asset-location-can-boost-after-tax-returns.html,"Placement of assets across taxable, tax-deferred, and Roth accounts.",Requires compiler confirmation; not a recommendation,Yes
WM-0067,Asset location,Municipals taxable,Tax management,Place assets across account types for after-tax efficiency,Compare after-tax outcomes across account placement,munis taxable; taxable bonds sheltered,tax-aware fixed income,annual,taxable+traditional+roth,same allocation random location|pro-rata location,5,SYNTHETIC_TEST_FLAVOR,Vanguard - Asset location,https://corporate.vanguard.com/content/corporatesite/us/en/corp/articles/how-asset-location-can-boost-after-tax-returns.html,"Placement of assets across taxable, tax-deferred, and Roth accounts.",Requires compiler confirmation; not a recommendation,Yes
WM-0068,Asset location,High-turnover sheltered,Tax management,Place assets across account types for after-tax efficiency,Compare after-tax outcomes across account placement,momentum in IRA,turnover-aware,quarterly,taxable+traditional+roth,same allocation random location|pro-rata location,5,SYNTHETIC_TEST_FLAVOR,Vanguard - Asset location,https://corporate.vanguard.com/content/corporatesite/us/en/corp/articles/how-asset-location-can-boost-after-tax-returns.html,"Placement of assets across taxable, tax-deferred, and Roth accounts.",Requires compiler confirmation; not a recommendation,Yes
WM-0069,Asset location,Dividend assets sheltered,Tax management,Place assets across account types for after-tax efficiency,Compare after-tax outcomes across account placement,REIT/dividend in IRA,income-aware,annual,taxable+traditional+roth,same allocation random location|pro-rata location,5,SYNTHETIC_TEST_FLAVOR,Vanguard - Asset location,https://corporate.vanguard.com/content/corporatesite/us/en/corp/articles/how-asset-location-can-boost-after-tax-returns.html,"Placement of assets across taxable, tax-deferred, and Roth accounts.",Requires compiler confirmation; not a recommendation,Yes
WM-0070,Asset location,Three-account optimizer,Tax management,Place assets across account types for after-tax efficiency,Compare after-tax outcomes across account placement,taxable+traditional+Roth,maximize after-tax wealth,annual,taxable+traditional+roth,same allocation random location|pro-rata location,5,SYNTHETIC_TEST_FLAVOR,Vanguard - Asset location,https://corporate.vanguard.com/content/corporatesite/us/en/corp/articles/how-asset-location-can-boost-after-tax-returns.html,"Placement of assets across taxable, tax-deferred, and Roth accounts.",Requires compiler confirmation; not a recommendation,Yes
WM-0071,Asset location,Withdrawal-aware location,Tax management,Place assets across account types for after-tax efficiency,Compare after-tax outcomes across account placement,location + planned draws,retirement,annual,taxable+traditional+roth,same allocation random location|pro-rata location,5,SYNTHETIC_TEST_FLAVOR,Vanguard - Asset location,https://corporate.vanguard.com/content/corporatesite/us/en/corp/articles/how-asset-location-can-boost-after-tax-returns.html,"Placement of assets across taxable, tax-deferred, and Roth accounts.",Requires compiler confirmation; not a recommendation,Yes
WM-0072,Asset location,Heir-aware location,Tax management,Place assets across account types for after-tax efficiency,Compare after-tax outcomes across account placement,Roth legacy priority,estate horizon,annual,taxable+traditional+roth,same allocation random location|pro-rata location,5,SYNTHETIC_TEST_FLAVOR,Vanguard - Asset location,https://corporate.vanguard.com/content/corporatesite/us/en/corp/articles/how-asset-location-can-boost-after-tax-returns.html,"Placement of assets across taxable, tax-deferred, and Roth accounts.",Requires compiler confirmation; not a recommendation,Yes
WM-0073,Roth conversion,Fill 12% bracket,Tax planning,Convert tax-deferred assets to Roth under a tax budget,Compare lifetime taxes and after-tax estate,traditional→Roth,annual bracket fill,annual,traditional+roth+taxable,no conversion|full conversion,6,SYNTHETIC_TEST_FLAVOR,Fidelity - Roth conversion,https://www.fidelity.com/viewpoints/wealth-management/insights/roth-ira-conversion,"Conversion of tax-deferred assets to Roth assets, with current tax cost.",Requires compiler confirmation; not a recommendation,Yes
WM-0074,Roth conversion,Fill 22% bracket,Tax planning,Convert tax-deferred assets to Roth under a tax budget,Compare lifetime taxes and after-tax estate,traditional→Roth,annual bracket fill,annual,traditional+roth+taxable,no conversion|full conversion,6,SYNTHETIC_TEST_FLAVOR,Fidelity - Roth conversion,https://www.fidelity.com/viewpoints/wealth-management/insights/roth-ira-conversion,"Conversion of tax-deferred assets to Roth assets, with current tax cost.",Requires compiler confirmation; not a recommendation,Yes
WM-0075,Roth conversion,Pre-RMD conversion,Tax planning,Convert tax-deferred assets to Roth under a tax budget,Compare lifetime taxes and after-tax estate,age 60-72,annual,annual,traditional+roth+taxable,no conversion|full conversion,6,SYNTHETIC_TEST_FLAVOR,Fidelity - Roth conversion,https://www.fidelity.com/viewpoints/wealth-management/insights/roth-ira-conversion,"Conversion of tax-deferred assets to Roth assets, with current tax cost.",Requires compiler confirmation; not a recommendation,Yes
WM-0076,Roth conversion,Market-down conversion,Tax planning,Convert tax-deferred assets to Roth under a tax budget,Compare lifetime taxes and after-tax estate,convert after -20%,conditional,event,traditional+roth+taxable,no conversion|full conversion,6,SYNTHETIC_TEST_FLAVOR,Fidelity - Roth conversion,https://www.fidelity.com/viewpoints/wealth-management/insights/roth-ira-conversion,"Conversion of tax-deferred assets to Roth assets, with current tax cost.",Requires compiler confirmation; not a recommendation,Yes
WM-0077,Roth conversion,Partial annual conversion,Tax planning,Convert tax-deferred assets to Roth under a tax budget,Compare lifetime taxes and after-tax estate,5% balance,annual,annual,traditional+roth+taxable,no conversion|full conversion,6,SYNTHETIC_TEST_FLAVOR,Fidelity - Roth conversion,https://www.fidelity.com/viewpoints/wealth-management/insights/roth-ira-conversion,"Conversion of tax-deferred assets to Roth assets, with current tax cost.",Requires compiler confirmation; not a recommendation,Yes
WM-0078,Roth conversion,Medicare-threshold aware,Tax planning,Convert tax-deferred assets to Roth under a tax budget,Compare lifetime taxes and after-tax estate,cap MAGI,annual,annual,traditional+roth+taxable,no conversion|full conversion,6,SYNTHETIC_TEST_FLAVOR,Fidelity - Roth conversion,https://www.fidelity.com/viewpoints/wealth-management/insights/roth-ira-conversion,"Conversion of tax-deferred assets to Roth assets, with current tax cost.",Requires compiler confirmation; not a recommendation,Yes
WM-0079,Roth conversion,Charitable-bunching year,Tax planning,Convert tax-deferred assets to Roth under a tax budget,Compare lifetime taxes and after-tax estate,conversion + DAF,selected year,annual,traditional+roth+taxable,no conversion|full conversion,6,SYNTHETIC_TEST_FLAVOR,Fidelity - Roth conversion,https://www.fidelity.com/viewpoints/wealth-management/insights/roth-ira-conversion,"Conversion of tax-deferred assets to Roth assets, with current tax cost.",Requires compiler confirmation; not a recommendation,Yes
WM-0080,Roth conversion,Heir-tax aware,Tax planning,Convert tax-deferred assets to Roth under a tax budget,Compare lifetime taxes and after-tax estate,maximize Roth legacy,estate objective,annual,traditional+roth+taxable,no conversion|full conversion,6,SYNTHETIC_TEST_FLAVOR,Fidelity - Roth conversion,https://www.fidelity.com/viewpoints/wealth-management/insights/roth-ira-conversion,"Conversion of tax-deferred assets to Roth assets, with current tax cost.",Requires compiler confirmation; not a recommendation,Yes
WM-0081,Retirement withdrawal,4% inflation-adjusted,Decumulation,Fund retirement spending from portfolio,"Test sustainability, taxes, and legacy",60/40,annual CPI adjustment,monthly,taxable+traditional+roth,4% rule|pro-rata withdrawal,6,SYNTHETIC_TEST_FLAVOR,Vanguard - Tax-efficient investing,https://advisors.vanguard.com/wealth-management/tax-efficient-investing,"Tax-loss harvesting, asset location, tax-aware withdrawals, charitable giving.",Requires compiler confirmation; not a recommendation,Yes
WM-0082,Retirement withdrawal,Guardrails,Decumulation,Fund retirement spending from portfolio,"Test sustainability, taxes, and legacy",60/40,raise/cut bands,annual,taxable+traditional+roth,4% rule|pro-rata withdrawal,6,SYNTHETIC_TEST_FLAVOR,Vanguard - Tax-efficient investing,https://advisors.vanguard.com/wealth-management/tax-efficient-investing,"Tax-loss harvesting, asset location, tax-aware withdrawals, charitable giving.",Requires compiler confirmation; not a recommendation,Yes
WM-0083,Retirement withdrawal,Floor and ceiling,Decumulation,Fund retirement spending from portfolio,"Test sustainability, taxes, and legacy",balanced,spending bounds,annual,taxable+traditional+roth,4% rule|pro-rata withdrawal,6,SYNTHETIC_TEST_FLAVOR,Vanguard - Tax-efficient investing,https://advisors.vanguard.com/wealth-management/tax-efficient-investing,"Tax-loss harvesting, asset location, tax-aware withdrawals, charitable giving.",Requires compiler confirmation; not a recommendation,Yes
WM-0084,Retirement withdrawal,Percentage of portfolio,Decumulation,Fund retirement spending from portfolio,"Test sustainability, taxes, and legacy",balanced,4% current balance,annual,taxable+traditional+roth,4% rule|pro-rata withdrawal,6,SYNTHETIC_TEST_FLAVOR,Vanguard - Tax-efficient investing,https://advisors.vanguard.com/wealth-management/tax-efficient-investing,"Tax-loss harvesting, asset location, tax-aware withdrawals, charitable giving.",Requires compiler confirmation; not a recommendation,Yes
WM-0085,Retirement withdrawal,Bucket 2/5/remaining,Decumulation,Fund retirement spending from portfolio,"Test sustainability, taxes, and legacy",cash+bonds+equity,refill annually,annual,taxable+traditional+roth,4% rule|pro-rata withdrawal,6,SYNTHETIC_TEST_FLAVOR,Vanguard - Tax-efficient investing,https://advisors.vanguard.com/wealth-management/tax-efficient-investing,"Tax-loss harvesting, asset location, tax-aware withdrawals, charitable giving.",Requires compiler confirmation; not a recommendation,Yes
WM-0086,Retirement withdrawal,RMD-first tax-aware,Decumulation,Fund retirement spending from portfolio,"Test sustainability, taxes, and legacy",multi-account,RMD then taxable then Roth,annual,taxable+traditional+roth,4% rule|pro-rata withdrawal,6,SYNTHETIC_TEST_FLAVOR,Vanguard - Tax-efficient investing,https://advisors.vanguard.com/wealth-management/tax-efficient-investing,"Tax-loss harvesting, asset location, tax-aware withdrawals, charitable giving.",Requires compiler confirmation; not a recommendation,Yes
WM-0087,Retirement withdrawal,Blended tax-bracket,Decumulation,Fund retirement spending from portfolio,"Test sustainability, taxes, and legacy",multi-account,fill bracket,monthly,taxable+traditional+roth,4% rule|pro-rata withdrawal,6,SYNTHETIC_TEST_FLAVOR,Vanguard - Tax-efficient investing,https://advisors.vanguard.com/wealth-management/tax-efficient-investing,"Tax-loss harvesting, asset location, tax-aware withdrawals, charitable giving.",Requires compiler confirmation; not a recommendation,Yes
WM-0088,Retirement withdrawal,Dynamic spending + legacy floor,Decumulation,Fund retirement spending from portfolio,"Test sustainability, taxes, and legacy",multi-account,minimum bequest,annual,taxable+traditional+roth,4% rule|pro-rata withdrawal,6,SYNTHETIC_TEST_FLAVOR,Vanguard - Tax-efficient investing,https://advisors.vanguard.com/wealth-management/tax-efficient-investing,"Tax-loss harvesting, asset location, tax-aware withdrawals, charitable giving.",Requires compiler confirmation; not a recommendation,Yes
WM-0089,Retirement contribution accounts,Match first,Retirement accumulation,Allocate contributions across employer and individual accounts,Measure after-tax accumulation under account limits,401k to match then taxable,payroll,payroll,401k|roth401k|ira|rothira|taxable,taxable only|traditional only|Roth only,5,SYNTHETIC_TEST_FLAVOR,IRS - 2026 contribution limits,https://www.irs.gov/newsroom/401k-limit-increases-to-24500-for-2026-ira-limit-increases-to-7500,"2026 401(k), IRA, catch-up, and related limits.",Requires compiler confirmation; not a recommendation,Yes
WM-0090,Retirement contribution accounts,Max traditional 401k,Retirement accumulation,Allocate contributions across employer and individual accounts,Measure after-tax accumulation under account limits,"$24,500 2026 cap",payroll,payroll,401k|roth401k|ira|rothira|taxable,taxable only|traditional only|Roth only,5,SYNTHETIC_TEST_FLAVOR,IRS - 2026 contribution limits,https://www.irs.gov/newsroom/401k-limit-increases-to-24500-for-2026-ira-limit-increases-to-7500,"2026 401(k), IRA, catch-up, and related limits.",Requires compiler confirmation; not a recommendation,Yes
WM-0091,Retirement contribution accounts,Max Roth 401k,Retirement accumulation,Allocate contributions across employer and individual accounts,Measure after-tax accumulation under account limits,"$24,500 2026 cap",payroll,payroll,401k|roth401k|ira|rothira|taxable,taxable only|traditional only|Roth only,5,SYNTHETIC_TEST_FLAVOR,IRS - 2026 contribution limits,https://www.irs.gov/newsroom/401k-limit-increases-to-24500-for-2026-ira-limit-increases-to-7500,"2026 401(k), IRA, catch-up, and related limits.",Requires compiler confirmation; not a recommendation,Yes
WM-0092,Retirement contribution accounts,401k + Roth IRA,Retirement accumulation,Allocate contributions across employer and individual accounts,Measure after-tax accumulation under account limits,max both if eligible,monthly,monthly,401k|roth401k|ira|rothira|taxable,taxable only|traditional only|Roth only,5,SYNTHETIC_TEST_FLAVOR,IRS - 2026 contribution limits,https://www.irs.gov/newsroom/401k-limit-increases-to-24500-for-2026-ira-limit-increases-to-7500,"2026 401(k), IRA, catch-up, and related limits.",Requires compiler confirmation; not a recommendation,Yes
WM-0093,Retirement contribution accounts,Backdoor Roth flow,Retirement accumulation,Allocate contributions across employer and individual accounts,Measure after-tax accumulation under account limits,nondeductible IRA→Roth,annual,annual,401k|roth401k|ira|rothira|taxable,taxable only|traditional only|Roth only,5,SYNTHETIC_TEST_FLAVOR,IRS - 2026 contribution limits,https://www.irs.gov/newsroom/401k-limit-increases-to-24500-for-2026-ira-limit-increases-to-7500,"2026 401(k), IRA, catch-up, and related limits.",Requires compiler confirmation; not a recommendation,Yes
WM-0094,Retirement contribution accounts,Age-50 catch-up,Retirement accumulation,Allocate contributions across employer and individual accounts,Measure after-tax accumulation under account limits,"base + $8,000",payroll,payroll,401k|roth401k|ira|rothira|taxable,taxable only|traditional only|Roth only,5,SYNTHETIC_TEST_FLAVOR,IRS - 2026 contribution limits,https://www.irs.gov/newsroom/401k-limit-increases-to-24500-for-2026-ira-limit-increases-to-7500,"2026 401(k), IRA, catch-up, and related limits.",Requires compiler confirmation; not a recommendation,Yes
WM-0095,Retirement contribution accounts,Age-60-63 catch-up,Retirement accumulation,Allocate contributions across employer and individual accounts,Measure after-tax accumulation under account limits,"base + $11,250",payroll,payroll,401k|roth401k|ira|rothira|taxable,taxable only|traditional only|Roth only,5,SYNTHETIC_TEST_FLAVOR,IRS - 2026 contribution limits,https://www.irs.gov/newsroom/401k-limit-increases-to-24500-for-2026-ira-limit-increases-to-7500,"2026 401(k), IRA, catch-up, and related limits.",Requires compiler confirmation; not a recommendation,Yes
WM-0096,Retirement contribution accounts,After-tax mega-backdoor,Retirement accumulation,Allocate contributions across employer and individual accounts,Measure after-tax accumulation under account limits,to plan annual-addition limit,payroll,payroll,401k|roth401k|ira|rothira|taxable,taxable only|traditional only|Roth only,5,SYNTHETIC_TEST_FLAVOR,IRS - 2026 contribution limits,https://www.irs.gov/newsroom/401k-limit-increases-to-24500-for-2026-ira-limit-increases-to-7500,"2026 401(k), IRA, catch-up, and related limits.",Requires compiler confirmation; not a recommendation,Yes
WM-0097,RMD and beneficiary withdrawals,Owner RMD age 73,Retirement distribution,Required distributions and inherited-account schedules,Validate withdrawal constraints and taxes,traditional IRA,IRS factor,annual,traditional ira|401k|inherited ira|roth beneficiary,minimum only|accelerated withdrawal,6,SYNTHETIC_TEST_FLAVOR,IRS - RMD rules,https://www.irs.gov/retirement-plans/retirement-plan-and-ira-required-minimum-distributions-faqs,Required minimum distributions and account-specific rules.,Requires compiler confirmation; not a recommendation,Yes
WM-0098,RMD and beneficiary withdrawals,Workplace still-working delay,Retirement distribution,Required distributions and inherited-account schedules,Validate withdrawal constraints and taxes,401k,retirement-triggered,annual,traditional ira|401k|inherited ira|roth beneficiary,minimum only|accelerated withdrawal,6,SYNTHETIC_TEST_FLAVOR,IRS - RMD rules,https://www.irs.gov/retirement-plans/retirement-plan-and-ira-required-minimum-distributions-faqs,Required minimum distributions and account-specific rules.,Requires compiler confirmation; not a recommendation,Yes
WM-0099,RMD and beneficiary withdrawals,Aggregate IRA RMD,Retirement distribution,Required distributions and inherited-account schedules,Validate withdrawal constraints and taxes,multiple IRAs,take from one account,annual,traditional ira|401k|inherited ira|roth beneficiary,minimum only|accelerated withdrawal,6,SYNTHETIC_TEST_FLAVOR,IRS - RMD rules,https://www.irs.gov/retirement-plans/retirement-plan-and-ira-required-minimum-distributions-faqs,Required minimum distributions and account-specific rules.,Requires compiler confirmation; not a recommendation,Yes
WM-0100,RMD and beneficiary withdrawals,Separate-plan RMD,Retirement distribution,Required distributions and inherited-account schedules,Validate withdrawal constraints and taxes,multiple 401k,each plan,annual,traditional ira|401k|inherited ira|roth beneficiary,minimum only|accelerated withdrawal,6,SYNTHETIC_TEST_FLAVOR,IRS - RMD rules,https://www.irs.gov/retirement-plans/retirement-plan-and-ira-required-minimum-distributions-faqs,Required minimum distributions and account-specific rules.,Requires compiler confirmation; not a recommendation,Yes
WM-0101,RMD and beneficiary withdrawals,10-year inherited distribution,Retirement distribution,Required distributions and inherited-account schedules,Validate withdrawal constraints and taxes,inherited IRA,end-year 10,annual,traditional ira|401k|inherited ira|roth beneficiary,minimum only|accelerated withdrawal,6,SYNTHETIC_TEST_FLAVOR,IRS - RMD rules,https://www.irs.gov/retirement-plans/retirement-plan-and-ira-required-minimum-distributions-faqs,Required minimum distributions and account-specific rules.,Requires compiler confirmation; not a recommendation,Yes
WM-0102,RMD and beneficiary withdrawals,Even inherited draw,Retirement distribution,Required distributions and inherited-account schedules,Validate withdrawal constraints and taxes,inherited IRA,10 equal annual,annual,traditional ira|401k|inherited ira|roth beneficiary,minimum only|accelerated withdrawal,6,SYNTHETIC_TEST_FLAVOR,IRS - RMD rules,https://www.irs.gov/retirement-plans/retirement-plan-and-ira-required-minimum-distributions-faqs,Required minimum distributions and account-specific rules.,Requires compiler confirmation; not a recommendation,Yes
WM-0103,RMD and beneficiary withdrawals,Tax-bracket inherited draw,Retirement distribution,Required distributions and inherited-account schedules,Validate withdrawal constraints and taxes,inherited IRA,bracket-aware,annual,traditional ira|401k|inherited ira|roth beneficiary,minimum only|accelerated withdrawal,6,SYNTHETIC_TEST_FLAVOR,IRS - RMD rules,https://www.irs.gov/retirement-plans/retirement-plan-and-ira-required-minimum-distributions-faqs,Required minimum distributions and account-specific rules.,Requires compiler confirmation; not a recommendation,Yes
WM-0104,RMD and beneficiary withdrawals,Roth beneficiary schedule,Retirement distribution,Required distributions and inherited-account schedules,Validate withdrawal constraints and taxes,inherited Roth,10-year,annual,traditional ira|401k|inherited ira|roth beneficiary,minimum only|accelerated withdrawal,6,SYNTHETIC_TEST_FLAVOR,IRS - RMD rules,https://www.irs.gov/retirement-plans/retirement-plan-and-ira-required-minimum-distributions-faqs,Required minimum distributions and account-specific rules.,Requires compiler confirmation; not a recommendation,Yes
WM-0105,RSU and concentrated stock,Immediate diversify,Compensation,"Model shares arriving in kind, withholding, windows, and diversification",Compare concentration and diversification outcomes,vest→sell→index,first eligible day,quarterly,taxable,hold company stock|sell and diversify,6,SYNTHETIC_TEST_FLAVOR,Fidelity - Tax-smart investing,https://www.fidelity.com/wealth-management/tax-smart-investing-planning?selectTab=1,"Tax-loss harvesting, long-term gains, municipal bonds, asset location, tax-smart withdrawals.",Requires compiler confirmation; not a recommendation,Yes
WM-0106,RSU and concentrated stock,Hold all,Compensation,"Model shares arriving in kind, withholding, windows, and diversification",Compare concentration and diversification outcomes,vest→hold,no sale,quarterly,taxable,hold company stock|sell and diversify,6,SYNTHETIC_TEST_FLAVOR,Fidelity - Tax-smart investing,https://www.fidelity.com/wealth-management/tax-smart-investing-planning?selectTab=1,"Tax-loss harvesting, long-term gains, municipal bonds, asset location, tax-smart withdrawals.",Requires compiler confirmation; not a recommendation,Yes
WM-0107,RSU and concentrated stock,Sell 25%,Compensation,"Model shares arriving in kind, withholding, windows, and diversification",Compare concentration and diversification outcomes,vest→sell quarter,window,quarterly,taxable,hold company stock|sell and diversify,6,SYNTHETIC_TEST_FLAVOR,Fidelity - Tax-smart investing,https://www.fidelity.com/wealth-management/tax-smart-investing-planning?selectTab=1,"Tax-loss harvesting, long-term gains, municipal bonds, asset location, tax-smart withdrawals.",Requires compiler confirmation; not a recommendation,Yes
WM-0108,RSU and concentrated stock,Sell 50%,Compensation,"Model shares arriving in kind, withholding, windows, and diversification",Compare concentration and diversification outcomes,vest→sell half,window,quarterly,taxable,hold company stock|sell and diversify,6,SYNTHETIC_TEST_FLAVOR,Fidelity - Tax-smart investing,https://www.fidelity.com/wealth-management/tax-smart-investing-planning?selectTab=1,"Tax-loss harvesting, long-term gains, municipal bonds, asset location, tax-smart withdrawals.",Requires compiler confirmation; not a recommendation,Yes
WM-0109,RSU and concentrated stock,Blackout deferred,Compensation,"Model shares arriving in kind, withholding, windows, and diversification",Compare concentration and diversification outcomes,sell after blackout,first eligible,quarterly,taxable,hold company stock|sell and diversify,6,SYNTHETIC_TEST_FLAVOR,Fidelity - Tax-smart investing,https://www.fidelity.com/wealth-management/tax-smart-investing-planning?selectTab=1,"Tax-loss harvesting, long-term gains, municipal bonds, asset location, tax-smart withdrawals.",Requires compiler confirmation; not a recommendation,Yes
WM-0110,RSU and concentrated stock,Target concentration 10%,Compensation,"Model shares arriving in kind, withholding, windows, and diversification",Compare concentration and diversification outcomes,sell excess,quarterly,quarterly,taxable,hold company stock|sell and diversify,6,SYNTHETIC_TEST_FLAVOR,Fidelity - Tax-smart investing,https://www.fidelity.com/wealth-management/tax-smart-investing-planning?selectTab=1,"Tax-loss harvesting, long-term gains, municipal bonds, asset location, tax-smart withdrawals.",Requires compiler confirmation; not a recommendation,Yes
WM-0111,RSU and concentrated stock,Tax-lot aware unwind,Compensation,"Model shares arriving in kind, withholding, windows, and diversification",Compare concentration and diversification outcomes,highest-basis first,window,quarterly,taxable,hold company stock|sell and diversify,6,SYNTHETIC_TEST_FLAVOR,Fidelity - Tax-smart investing,https://www.fidelity.com/wealth-management/tax-smart-investing-planning?selectTab=1,"Tax-loss harvesting, long-term gains, municipal bonds, asset location, tax-smart withdrawals.",Requires compiler confirmation; not a recommendation,Yes
WM-0112,RSU and concentrated stock,Charitable appreciated shares,Compensation,"Model shares arriving in kind, withholding, windows, and diversification",Compare concentration and diversification outcomes,donate selected lots,annual,annual,taxable,hold company stock|sell and diversify,6,SYNTHETIC_TEST_FLAVOR,Fidelity - Tax-smart investing,https://www.fidelity.com/wealth-management/tax-smart-investing-planning?selectTab=1,"Tax-loss harvesting, long-term gains, municipal bonds, asset location, tax-smart withdrawals.",Requires compiler confirmation; not a recommendation,Yes
WM-0113,Debt payoff versus investing,Credit card first,Household balance sheet,Allocate surplus cash between debt reduction and investing,Compare guaranteed interest savings with market outcomes,20% APR debt,all surplus,monthly,taxable|401k|cash,all debt|all invest|split,5,SYNTHETIC_TEST_FLAVOR,SEC Investor.gov - Dollar-cost averaging,https://www.investor.gov/introduction-investing/investing-basics/glossary/dollar-cost-averaging,Regular equal-amount investing over time.,Requires compiler confirmation; not a recommendation,Yes
WM-0114,Debt payoff versus investing,Mortgage prepay,Household balance sheet,Allocate surplus cash between debt reduction and investing,Compare guaranteed interest savings with market outcomes,6.5% mortgage,extra principal,monthly,taxable|401k|cash,all debt|all invest|split,5,SYNTHETIC_TEST_FLAVOR,SEC Investor.gov - Dollar-cost averaging,https://www.investor.gov/introduction-investing/investing-basics/glossary/dollar-cost-averaging,Regular equal-amount investing over time.,Requires compiler confirmation; not a recommendation,Yes
WM-0115,Debt payoff versus investing,Invest instead,Household balance sheet,Allocate surplus cash between debt reduction and investing,Compare guaranteed interest savings with market outcomes,broad index,same cash flow,monthly,taxable|401k|cash,all debt|all invest|split,5,SYNTHETIC_TEST_FLAVOR,SEC Investor.gov - Dollar-cost averaging,https://www.investor.gov/introduction-investing/investing-basics/glossary/dollar-cost-averaging,Regular equal-amount investing over time.,Requires compiler confirmation; not a recommendation,Yes
WM-0116,Debt payoff versus investing,50/50 split,Household balance sheet,Allocate surplus cash between debt reduction and investing,Compare guaranteed interest savings with market outcomes,debt + index,equal,monthly,taxable|401k|cash,all debt|all invest|split,5,SYNTHETIC_TEST_FLAVOR,SEC Investor.gov - Dollar-cost averaging,https://www.investor.gov/introduction-investing/investing-basics/glossary/dollar-cost-averaging,Regular equal-amount investing over time.,Requires compiler confirmation; not a recommendation,Yes
WM-0117,Debt payoff versus investing,Match then debt,Household balance sheet,Allocate surplus cash between debt reduction and investing,Compare guaranteed interest savings with market outcomes,401k match then mortgage,payroll,monthly,taxable|401k|cash,all debt|all invest|split,5,SYNTHETIC_TEST_FLAVOR,SEC Investor.gov - Dollar-cost averaging,https://www.investor.gov/introduction-investing/investing-basics/glossary/dollar-cost-averaging,Regular equal-amount investing over time.,Requires compiler confirmation; not a recommendation,Yes
WM-0118,Debt payoff versus investing,Emergency fund then debt,Household balance sheet,Allocate surplus cash between debt reduction and investing,Compare guaranteed interest savings with market outcomes,6-month reserve,waterfall,monthly,taxable|401k|cash,all debt|all invest|split,5,SYNTHETIC_TEST_FLAVOR,SEC Investor.gov - Dollar-cost averaging,https://www.investor.gov/introduction-investing/investing-basics/glossary/dollar-cost-averaging,Regular equal-amount investing over time.,Requires compiler confirmation; not a recommendation,Yes
WM-0119,Debt payoff versus investing,Tax-adjusted mortgage,Household balance sheet,Allocate surplus cash between debt reduction and investing,Compare guaranteed interest savings with market outcomes,itemized deduction scenario,after-tax rate,monthly,taxable|401k|cash,all debt|all invest|split,5,SYNTHETIC_TEST_FLAVOR,SEC Investor.gov - Dollar-cost averaging,https://www.investor.gov/introduction-investing/investing-basics/glossary/dollar-cost-averaging,Regular equal-amount investing over time.,Requires compiler confirmation; not a recommendation,Yes
WM-0120,Debt payoff versus investing,Liquidity-constrained payoff,Household balance sheet,Allocate surplus cash between debt reduction and investing,Compare guaranteed interest savings with market outcomes,retain cash floor,conditional,monthly,taxable|401k|cash,all debt|all invest|split,5,SYNTHETIC_TEST_FLAVOR,SEC Investor.gov - Dollar-cost averaging,https://www.investor.gov/introduction-investing/investing-basics/glossary/dollar-cost-averaging,Regular equal-amount investing over time.,Requires compiler confirmation; not a recommendation,Yes
WM-0121,Charitable and legacy,Annual cash giving,Estate and philanthropy,"Coordinate gifts, appreciated assets, and legacy objectives","Compare lifetime spending, taxes, and bequest",cash,fixed amount,annual,taxable|ira|roth|daf,cash gift|appreciated asset gift|no gift,6,SYNTHETIC_TEST_FLAVOR,Vanguard - Tax-efficient investing,https://advisors.vanguard.com/wealth-management/tax-efficient-investing,"Tax-loss harvesting, asset location, tax-aware withdrawals, charitable giving.",Requires compiler confirmation; not a recommendation,Yes
WM-0122,Charitable and legacy,Donate appreciated stock,Estate and philanthropy,"Coordinate gifts, appreciated assets, and legacy objectives","Compare lifetime spending, taxes, and bequest",highest gain lots,annual,annual,taxable|ira|roth|daf,cash gift|appreciated asset gift|no gift,6,SYNTHETIC_TEST_FLAVOR,Vanguard - Tax-efficient investing,https://advisors.vanguard.com/wealth-management/tax-efficient-investing,"Tax-loss harvesting, asset location, tax-aware withdrawals, charitable giving.",Requires compiler confirmation; not a recommendation,Yes
WM-0123,Charitable and legacy,DAF bunching,Estate and philanthropy,"Coordinate gifts, appreciated assets, and legacy objectives","Compare lifetime spending, taxes, and bequest",3 years gifts upfront,every 3 years,event,taxable|ira|roth|daf,cash gift|appreciated asset gift|no gift,6,SYNTHETIC_TEST_FLAVOR,Vanguard - Tax-efficient investing,https://advisors.vanguard.com/wealth-management/tax-efficient-investing,"Tax-loss harvesting, asset location, tax-aware withdrawals, charitable giving.",Requires compiler confirmation; not a recommendation,Yes
WM-0124,Charitable and legacy,QCD after eligibility,Estate and philanthropy,"Coordinate gifts, appreciated assets, and legacy objectives","Compare lifetime spending, taxes, and bequest",IRA to charity,RMD-linked,annual,taxable|ira|roth|daf,cash gift|appreciated asset gift|no gift,6,SYNTHETIC_TEST_FLAVOR,Vanguard - Tax-efficient investing,https://advisors.vanguard.com/wealth-management/tax-efficient-investing,"Tax-loss harvesting, asset location, tax-aware withdrawals, charitable giving.",Requires compiler confirmation; not a recommendation,Yes
WM-0125,Charitable and legacy,Legacy floor,Estate and philanthropy,"Coordinate gifts, appreciated assets, and legacy objectives","Compare lifetime spending, taxes, and bequest",minimum bequest,withdrawal constraint,annual,taxable|ira|roth|daf,cash gift|appreciated asset gift|no gift,6,SYNTHETIC_TEST_FLAVOR,Vanguard - Tax-efficient investing,https://advisors.vanguard.com/wealth-management/tax-efficient-investing,"Tax-loss harvesting, asset location, tax-aware withdrawals, charitable giving.",Requires compiler confirmation; not a recommendation,Yes
WM-0126,Charitable and legacy,Roth legacy priority,Estate and philanthropy,"Coordinate gifts, appreciated assets, and legacy objectives","Compare lifetime spending, taxes, and bequest",spend taxable/traditional first,estate objective,annual,taxable|ira|roth|daf,cash gift|appreciated asset gift|no gift,6,SYNTHETIC_TEST_FLAVOR,Vanguard - Tax-efficient investing,https://advisors.vanguard.com/wealth-management/tax-efficient-investing,"Tax-loss harvesting, asset location, tax-aware withdrawals, charitable giving.",Requires compiler confirmation; not a recommendation,Yes
WM-0127,Charitable and legacy,Equal heirs,Estate and philanthropy,"Coordinate gifts, appreciated assets, and legacy objectives","Compare lifetime spending, taxes, and bequest",split residual estate,terminal,event,taxable|ira|roth|daf,cash gift|appreciated asset gift|no gift,6,SYNTHETIC_TEST_FLAVOR,Vanguard - Tax-efficient investing,https://advisors.vanguard.com/wealth-management/tax-efficient-investing,"Tax-loss harvesting, asset location, tax-aware withdrawals, charitable giving.",Requires compiler confirmation; not a recommendation,Yes
WM-0128,Charitable and legacy,Charity remainder target,Estate and philanthropy,"Coordinate gifts, appreciated assets, and legacy objectives","Compare lifetime spending, taxes, and bequest",fixed estate percentage,terminal,event,taxable|ira|roth|daf,cash gift|appreciated asset gift|no gift,6,SYNTHETIC_TEST_FLAVOR,Vanguard - Tax-efficient investing,https://advisors.vanguard.com/wealth-management/tax-efficient-investing,"Tax-loss harvesting, asset location, tax-aware withdrawals, charitable giving.",Requires compiler confirmation; not a recommendation,Yes
WM-0129,Municipal and taxable fixed income,National muni taxable,Tax-aware fixed income,Select fixed-income exposure by tax status and account,Compare after-tax income and risk,MUB,taxable account,monthly,taxable|traditional|roth,taxable aggregate bond|municipal bond,4,SYNTHETIC_TEST_FLAVOR,Fidelity - Tax-smart investing,https://www.fidelity.com/wealth-management/tax-smart-investing-planning?selectTab=1,"Tax-loss harvesting, long-term gains, municipal bonds, asset location, tax-smart withdrawals.",Requires compiler confirmation; not a recommendation,Yes
WM-0130,Municipal and taxable fixed income,State muni,Tax-aware fixed income,Select fixed-income exposure by tax status and account,Compare after-tax income and risk,state-specific muni,taxable,monthly,taxable|traditional|roth,taxable aggregate bond|municipal bond,4,SYNTHETIC_TEST_FLAVOR,Fidelity - Tax-smart investing,https://www.fidelity.com/wealth-management/tax-smart-investing-planning?selectTab=1,"Tax-loss harvesting, long-term gains, municipal bonds, asset location, tax-smart withdrawals.",Requires compiler confirmation; not a recommendation,Yes
WM-0131,Municipal and taxable fixed income,Taxable aggregate sheltered,Tax-aware fixed income,Select fixed-income exposure by tax status and account,Compare after-tax income and risk,BND,traditional,monthly,taxable|traditional|roth,taxable aggregate bond|municipal bond,4,SYNTHETIC_TEST_FLAVOR,Fidelity - Tax-smart investing,https://www.fidelity.com/wealth-management/tax-smart-investing-planning?selectTab=1,"Tax-loss harvesting, long-term gains, municipal bonds, asset location, tax-smart withdrawals.",Requires compiler confirmation; not a recommendation,Yes
WM-0132,Municipal and taxable fixed income,Short Treasury taxable,Tax-aware fixed income,Select fixed-income exposure by tax status and account,Compare after-tax income and risk,SGOV,taxable,monthly,taxable|traditional|roth,taxable aggregate bond|municipal bond,4,SYNTHETIC_TEST_FLAVOR,Fidelity - Tax-smart investing,https://www.fidelity.com/wealth-management/tax-smart-investing-planning?selectTab=1,"Tax-loss harvesting, long-term gains, municipal bonds, asset location, tax-smart withdrawals.",Requires compiler confirmation; not a recommendation,Yes
WM-0133,Municipal and taxable fixed income,TIPS sheltered,Tax-aware fixed income,Select fixed-income exposure by tax status and account,Compare after-tax income and risk,TIP,traditional,monthly,taxable|traditional|roth,taxable aggregate bond|municipal bond,4,SYNTHETIC_TEST_FLAVOR,Fidelity - Tax-smart investing,https://www.fidelity.com/wealth-management/tax-smart-investing-planning?selectTab=1,"Tax-loss harvesting, long-term gains, municipal bonds, asset location, tax-smart withdrawals.",Requires compiler confirmation; not a recommendation,Yes
WM-0134,Municipal and taxable fixed income,Muni vs Treasury break-even,Tax-aware fixed income,Select fixed-income exposure by tax status and account,Compare after-tax income and risk,muni/Treasury,marginal-rate test,monthly,taxable|traditional|roth,taxable aggregate bond|municipal bond,4,SYNTHETIC_TEST_FLAVOR,Fidelity - Tax-smart investing,https://www.fidelity.com/wealth-management/tax-smart-investing-planning?selectTab=1,"Tax-loss harvesting, long-term gains, municipal bonds, asset location, tax-smart withdrawals.",Requires compiler confirmation; not a recommendation,Yes
WM-0135,Municipal and taxable fixed income,Duration ladder,Tax-aware fixed income,Select fixed-income exposure by tax status and account,Compare after-tax income and risk,1-10y bonds,annual ladder,annual,taxable|traditional|roth,taxable aggregate bond|municipal bond,4,SYNTHETIC_TEST_FLAVOR,Fidelity - Tax-smart investing,https://www.fidelity.com/wealth-management/tax-smart-investing-planning?selectTab=1,"Tax-loss harvesting, long-term gains, municipal bonds, asset location, tax-smart withdrawals.",Requires compiler confirmation; not a recommendation,Yes
WM-0136,Municipal and taxable fixed income,Cash-reserve ladder,Tax-aware fixed income,Select fixed-income exposure by tax status and account,Compare after-tax income and risk,T-bills,12-month spending,monthly,taxable|traditional|roth,taxable aggregate bond|municipal bond,4,SYNTHETIC_TEST_FLAVOR,Fidelity - Tax-smart investing,https://www.fidelity.com/wealth-management/tax-smart-investing-planning?selectTab=1,"Tax-loss harvesting, long-term gains, municipal bonds, asset location, tax-smart withdrawals.",Requires compiler confirmation; not a recommendation,Yes
WM-0137,Liquidity and cash reserve,3-month reserve,Risk management,Maintain cash or short-duration reserves around known spending,"Measure liquidity, drawdown, and opportunity cost",T-bills,expenses,monthly,cash|taxable|retirement,fully invested|fixed cash reserve,3,SYNTHETIC_TEST_FLAVOR,Vanguard - Tax-efficient investing,https://advisors.vanguard.com/wealth-management/tax-efficient-investing,"Tax-loss harvesting, asset location, tax-aware withdrawals, charitable giving.",Requires compiler confirmation; not a recommendation,Yes
WM-0138,Liquidity and cash reserve,6-month reserve,Risk management,Maintain cash or short-duration reserves around known spending,"Measure liquidity, drawdown, and opportunity cost",T-bills,expenses,monthly,cash|taxable|retirement,fully invested|fixed cash reserve,3,SYNTHETIC_TEST_FLAVOR,Vanguard - Tax-efficient investing,https://advisors.vanguard.com/wealth-management/tax-efficient-investing,"Tax-loss harvesting, asset location, tax-aware withdrawals, charitable giving.",Requires compiler confirmation; not a recommendation,Yes
WM-0139,Liquidity and cash reserve,12-month retirement reserve,Risk management,Maintain cash or short-duration reserves around known spending,"Measure liquidity, drawdown, and opportunity cost",cash,spending,monthly,cash|taxable|retirement,fully invested|fixed cash reserve,3,SYNTHETIC_TEST_FLAVOR,Vanguard - Tax-efficient investing,https://advisors.vanguard.com/wealth-management/tax-efficient-investing,"Tax-loss harvesting, asset location, tax-aware withdrawals, charitable giving.",Requires compiler confirmation; not a recommendation,Yes
WM-0140,Liquidity and cash reserve,Two-year bucket,Risk management,Maintain cash or short-duration reserves around known spending,"Measure liquidity, drawdown, and opportunity cost",cash+short bonds,retirement,annual,cash|taxable|retirement,fully invested|fixed cash reserve,3,SYNTHETIC_TEST_FLAVOR,Vanguard - Tax-efficient investing,https://advisors.vanguard.com/wealth-management/tax-efficient-investing,"Tax-loss harvesting, asset location, tax-aware withdrawals, charitable giving.",Requires compiler confirmation; not a recommendation,Yes
WM-0141,Liquidity and cash reserve,Dynamic reserve after drawdown,Risk management,Maintain cash or short-duration reserves around known spending,"Measure liquidity, drawdown, and opportunity cost",increase cash,conditional,monthly,cash|taxable|retirement,fully invested|fixed cash reserve,3,SYNTHETIC_TEST_FLAVOR,Vanguard - Tax-efficient investing,https://advisors.vanguard.com/wealth-management/tax-efficient-investing,"Tax-loss harvesting, asset location, tax-aware withdrawals, charitable giving.",Requires compiler confirmation; not a recommendation,Yes
WM-0142,Liquidity and cash reserve,Bonus reserve,Risk management,Maintain cash or short-duration reserves around known spending,"Measure liquidity, drawdown, and opportunity cost",hold annual bonus 90 days,event,annual,cash|taxable|retirement,fully invested|fixed cash reserve,3,SYNTHETIC_TEST_FLAVOR,Vanguard - Tax-efficient investing,https://advisors.vanguard.com/wealth-management/tax-efficient-investing,"Tax-loss harvesting, asset location, tax-aware withdrawals, charitable giving.",Requires compiler confirmation; not a recommendation,Yes
WM-0143,Liquidity and cash reserve,RSU tax reserve,Risk management,Maintain cash or short-duration reserves around known spending,"Measure liquidity, drawdown, and opportunity cost",withholding gap reserve,quarterly,quarterly,cash|taxable|retirement,fully invested|fixed cash reserve,3,SYNTHETIC_TEST_FLAVOR,Vanguard - Tax-efficient investing,https://advisors.vanguard.com/wealth-management/tax-efficient-investing,"Tax-loss harvesting, asset location, tax-aware withdrawals, charitable giving.",Requires compiler confirmation; not a recommendation,Yes
WM-0144,Liquidity and cash reserve,Emergency-floor investing,Risk management,Maintain cash or short-duration reserves around known spending,"Measure liquidity, drawdown, and opportunity cost",invest only above floor,monthly,monthly,cash|taxable|retirement,fully invested|fixed cash reserve,3,SYNTHETIC_TEST_FLAVOR,Vanguard - Tax-efficient investing,https://advisors.vanguard.com/wealth-management/tax-efficient-investing,"Tax-loss harvesting, asset location, tax-aware withdrawals, charitable giving.",Requires compiler confirmation; not a recommendation,Yes
